{"south": 19.973348786110577, "north": 21.7, "west": -90.703125, "east": -87.18750000000001}