{"south": 19.460717074161472, "north": 21.715300425531375, "west": -90.5031831820617, "east": -87.43693315753184}