{"south": 19.96594023750786, "north": 21.836602325960225, "west": -90.54203715039743, "east": -87.39524562663165}